uuid,human_content,human_content_transformed
5b5875b0-8083-4242-a5b0-6b391cf67b40,washington dc the pentagon has issued an indefinite hold order to all military air wings and airlines to immediately stop spraying chemtrails until it can be determined how the covid-19 virus found its way into the chemtrail fluid supply. according to an unofficial pentagon source speaking on the condition of anonymity the entire chemtrail program is on hold until we can figure out who coughed onto a batch of chemicals being manufactured at one of our suppliers factories. news of this.,washington dc the pentagon is issued an indefinite are holding order to all military air wings and airlines to immediately stop spraying chemtrails until she might can be determined how the covid-19 virus find its way into the chemtrail fluid supply. according to an unofficial pentagon source speaking on the condition of anonymity the entire chemtrail program is on hold until she might can figure it out who-all cough onto the batch of chemicals being manufactured at one of our suppliers factories. news of this.
3b98043a-9e45-4707-bc30-52ee570f99f8,it looks like nothing was found at this location. maybe try a search.,it is looking like nothing was found at no location. maybe are trying the search.
d29cc300-5ee0-4bda-a700-6ea54b1b4ead,people of color may be immune to the coronavirus because of melanin pavel daryl kem senou a cameroonian student in china became the first african person known to be infected with the deadly coronavirus and the first to recover. some sources are claiming that black and brown people resists the coronavirus because of superior genetics. is there truth to this. this claim started because the first african to be infected with the coronavirus pavel daryl kem senou responded well to medical tre.,persons of color might may be like immune to the coronavirus because of melanin pavel daryl kem senou the cameroonian student in china became the first african person knew to be infected with the deadly coronavirus and the first to recover. some sources are claiming that black and brown persons are resisting the coronavirus because of superior genetics. is there truth to this. this claim started because the first african to be infected with the coronavirus pavel daryl kem senou responded well to medical tre.
5a82a056-7cf3-4069-8955-621ce61f5923,pope francis has tested positive for coronavirus after he fell ill in italy and was forced to cancel a religious retreat near rome. the pontiff was down with a heavy cold during his visit to italy which made him cancel his lent retreat. the first results for covid-19 came back negative and second came positive according to italian newspaper il messaggero this morning. the roman catholic leader 83 who had part of one lung removed because of an illness decades ago also cancelled most audie.,pope francis is tested like positive for coronavirus after fallen ill in italy and was forced to cancel a religious retreat near rome. the pontiff was down with a heavy cold during his visit to italy which made is canceling his lent retreat. the first results for covid-19 come back like negative and second come like positive according to italian newspaper il messaggero this morning. the roman catholic leader 83 at had part of one lung removed because of an illness decades ago also canceled most audie.
b723045d-cc71-4e88-9f01-b5554627cede,speaker robin vos r rochester and senate majority leader scott fitzgerald r juneau released the following statement after filing an original action in the wisconsin state supreme court challenging the governors extension of the safer at home order through may 26th. the public outcry over the safer at home order continues to increase as positive covid cases decrease or remain flat. there s immense frustration regarding the extension as it goes beyond the executive branchs statutory power.,speaker robin vos r rochester and senate majority leader scott fitzgerald r juneau release the following statement after filing an original action in the wisconsin state supreme court challenging the governors extension of the safer at home order through may 26th. the public outcry over the safer at home order continues to increase as positive covid cases decrease or remain like flat. there is immense frustration regarding the extension as it goes beyond the executive branches statutory power.
d207b736-aa9a-4c16-a885-8ce1b13210f9,thumbs up to the scientist in the united states of america as they finally found vaccine to cure corona virus. the president of the united states of america will officially make the announcement about the vaccine to cure the virus on sunday. roche medical company will launch the vaccine on sunday. the virus who trump called the chinese virus will finally be a thing of the past as the americans have showed once again why they are world power. the vaccine is said to be an injection which after a.,are thumbing up to the scientist in the united states of america as they finally found vaccine to cure corona virus. the president of the united states of america gon officially make the announcement about the vaccine to cure the virus on sunday. roche medical company gon launch the vaccine on sunday. the virus is trumping called the chinese virus gon finally be the thing of the past as the americans is showed it once why they are world power. the vaccine is said to be an injection which after the.
7b06208b-0133-42c6-a378-24b801a243d9,copyright 2020 by ronpaul institute. permission to reprint in whole or in part is gladly granted provided full credit and a live link are given.,copyright 2020 by ronpaul institute. permission to reprint in whole or in part is gladly granted provided full credit and a live link are gave.
67947bf0-2d8d-4937-89b5-71c08fd758e1,just over three months ago a high level pandemic exercise entitled event 201 was held in new york city. on october 18th the johns hopkins center for health security in conjunction with the world economic forum and the bill melinda gates foundation brought together 15 leaders of business government and public health to simulate a scenario in which a coronavirus pandemic was ravaging the planet. the current coronavirus outbreak that originated in china did not begin until december an.,just over three months ago a high level pandemic exercise entitled event 201 was held in new york city. on october 18th the johns hopkins center for health security in conjunction with the world economic forum and the bill melinda gates foundation brought together 15 leaders of business government and public health to simulate a scenario in which a coronavirus pandemic was ravaging the planet. the current coronavirus outbreak that originated in china is not beginning until december an.
705dfcf4-99ff-42a0-a08f-af510e2726bd,if you are the site owner or you manage this site please whitelist your ip or if you think this block is an error please open a support ticket and make sure to include the block details displayed in the box below so we can assist you in troubleshooting the issue ..,if ye are the site owner or ye manage this site please whitelist your ip or if ye think it this block is an error please open a support ticket and make like sure to include the block details displayed in the box below so we can assist ye in troubleshooting the issue ..
e23d3325-d874-495a-809c-1cad7170575f,united kingdom- queen elizabeth ii has tested positive for the novel coronavirus buckingham palace confirmed in a shocking release a few minutes after prime minister boris johnson revealed he tested positive for coronavirus. news of the queen testing positive for covid-19 does not come as a surprise since there was a possibility that she could have been exposed by the virus during one of her weekly meetings with prime minister boris johnson who tested positive an hour ago. buckingham palace r.,united kingdom- queen elizabeth ii has tested positive for the novel coronavirus buckingham palace confirmed in the shocking release the few minutes after prime minister boris johnson revealed it tested like positive for coronavirus. news of the queen testing positive for covid-19 is not coming as the surprise since there was the possibility that could have been exposed by the virus during one of her weekly meetings with prime minister boris johnson who tested positive an hour ago. buckingham palace r.
06fb005f-f0a7-4e2b-ba8f-1535f69d3dbc,the page that you are looking for does not exist on this website. you may have accidentally mistype the page address or followed an expired link. anyway we will help you get back on track. why not try to search for the page you were looking for.,the page that are looking for is not existing on no website. may have accidentally mistype the page address or followed an expired link. anyway gon help get back on track. why not are tryna search for the page was looking for.
6a2c00bc-c045-4e74-83e2-c049d45baf95,the medical community strongly advises the population to get a flu shot to help combat the epidemic of this coronavirus. honestly i never made any sense to me. it is two different types of viruses. so not now the flu shot works for all viruses. concerningly the latest research shows that getting the flu vaccine increases the risk of getting the coronavirus by 36. influenza vaccination and respiratory virus interference among department of defense personnel during the 2017 2018 influen.,the medical community strongly is advising the population to get the flu shot to help are combating the epidemic of this coronavirus. honestly i never maked any sense to her. she is two different types of viruses. so not now the flu shot is working for all viruses. concerningly the most latest research is showing that getting the flu vaccine is increasing the risk of getting the coronavirus by 36. influenza vaccination and respiratory virus interference among department of defense personnels during the 2017 2018 influen.
632e7093-0d40-46d4-aa5b-2e157b3a6d1a,governor andrew cuomo is considering a temporary six week ban on the sale of combustible cigarettes in order to reduce the states coronavirus death count a source familiar with his thinking tells the chronicle. the ban could come as soon as monday and is expected to be included in a budget measure already scheduled to be announced. new data out of italy suggest that the nations whopping coronavirus death rate now approaching 10 of those who test positive is highly correlated to cigarett.,governor andrew cuomo is considering the temporary six week ban on the sale of combustible cigarettes in order to reduce the states are coronavirusing death are counting the source familiar with his thinking are telling the chronicle. the ban could come as soon as monday and is expected to be included in the budget measure already scheduled to be announced. new datums out of italy are suggesting that the nations whopping coronavirus death rate now approaching 10 of that at is testing positive is highly correlated to cigarett.
2740b893-4c51-4179-b9d6-7e4110e0d401,no one knows why the democrats hate senior citizens so much. they do everything that they can to screw our nations retirees trying to screw them out of social security screw them out of medicare and now they want to screw them out of their stimulus checks. nancy pelosi and her colleagues have been endlessly stalling the stimulus bill. they filled it was so much pork that all that was left for the people was 1200 each. had it not been for all of her additions we would have been entitled t.,no one is knowing why the democrats are hating senior citizens so much. do everything that can for to screw our nations retirees tryna screw them out of social security screw them out of medicare and now are wanting to screw them out of their stimulus checks. nancy pelosi and her colleagues have been endlessly stalling the stimulus bill. fill was so much pork that all that was left for the persons was 1200 each. is it ain't for all of her additions would have been entitled t.
cb1636fe-8ee2-442c-96c1-a3d933230ef2,prolific acting legend tom hanks passed away suddenly this morning. the cause of his death has not been released. hanks enjoyed a long and successful career. he was well liked by all those in the hollywood community and his movies were always well received by the public even the really crappy ones like castaway. his body of work will live on for decades to come. for the past several years hanks had been been very vocal with his opposition to president trump. he often called the president.,prolific acting legend tom hanks passed away suddenly this morning. the cause of his death has not been released. hanks enjoyed the long and successful career. he was well liked by all those in the hollywood community and his movies was always well received by the public even the real crappy ones like castaway. his body of work will live on for decades for to come. for the past several years hanks had been like very vocal with his opposition to president trump. he often called the president.
aab1f99a-0fee-40b2-b72e-5d7c9567d7f8,hannity laura and the whole gang over at fox news are in for a maga surprise. it has just been announced that they are winning one of the most coveted awards in journalism the pulitzer. oh the liberal media is going to be kicking dirt about this one. this accolade is specific to their fair and balanced coverage of the crisis. the network has been on the ball through this entire ordeal making sure the public is educated on the dangers of the current crisis. joe barron chairman of the.,hannity laura and the whole gang over at fox news are in for the maga surprise. it has just been announced that they are winning one of the most coveted awards in journalism the pulitzer. oh the liberal media gon be kicking dirt about this one. this accolade is like specific to their fair and balanced coverage of the crisis. the network is been on the ball through this entire ordeal making sure the public is educated on the dangers of the current crisis. joe barron chairman of the.
dd51d588-653b-4ba0-8038-37b1b10ee46a,president of the united states of america.,president of the united states of america.
d8ca71be-5645-416f-b202-3c6a23968e1a,result of the best guidance of cdc.,result of the best guidance of cdc.
f23c9a09-5c4b-4d61-8705-bb1c9d5679f8,when it comes to novel coronavirus safety the centers for disease control and prevention has some suggestions about facial hair. hair should not cross the respirator seal the cdc said. cnn as fears grow about the spread of novel coronavirus there s increasing demand for facial masks. but there s something that can interfere with how effective those are and that s facial hair. side whiskers soul patches lampshades and handlebar moustaches are good to go according to a 2017 centers f.,when it comes to novel coronavirus safety the centers for disease control and prevention has some suggestions about facial hair. hair should not cross respirator no seal the cdc say. cnn as fears grow about the spread of novel coronavirus there is increasing demand for facial masks. but there is something that can interfere with like how effective that are and that s facial hair. side whiskers soul patches lampshades and handlebar moustaches are like good to go according to the 2017 centers f.
15b113c5-f5eb-4a84-a0d2-c4e7a787002b,"earlier this week i reported on the cover up by the chinese government of outbreak of the coronavirus. now this. bill holter of jsmineset is reporting a friend of his states a chinese friend and resident of wuhan told him they have 10,000 dead. city falling apart. and while these reports are unconfirmed we know the most reliable sources are from people on the ground. the least reliable are state or government sources. the coronavirus in china is spreading and largely could have been prevent. ","earlier this week she report on the cover up by the chinese government of outbreak of the coronavirus. now this. bill holter of jsmineset is reporting the friend of his states the chinese friend and resident of wuhan tell him they have 10,000 dead. city falling apart. and while this reports are like unconfirmed she are knowing the most reliable sources are from persons on the ground. the least reliable are state or government sources. the coronavirus in china is spreading and largely could have been like prevent."
c47e29ff-9927-4124-9974-077f176477af,earlier today it was rumoured that queen elizabeth ii had tested positive for the novel coronavirus while many uk media outlets have kept silent. in a new press release the buckingham palace has confirmed that the queen of the united kingdom has indeed tested positive. the 93-year old could have come into contact with british prime minister boris johnson who tested positive yesterday. the royal palace said in the statement hmq has also tested positive and is currently self isolating at wi.,earlier today she was rumoured that queen elizabeth ii had tested positive for the novel coronavirus while many uk mediums outlets have kept it silent. in the new press release the buckingham palace has confirmed that the queen of the united kingdom has indeed tested positive. the 93-year old could have came into contact with british prime minister boris johnson at test like positive yesterday. the royal palace say in the statement hmq has also tested positive and is currently self like isolating at wi.
942fa220-8d96-4ef8-8577-a64851455327,bernie on coronavirus casualties may be even higher than what armed forces experienced in ww ii vermont senator bernie sanders weighed in on the ongoing coronavirus outbreak across the united states this week telling reporters the casualties could be higher than what the armed forces experienced in the second world war. in terms of potential deathsthe crisis we face is on a scale of a major warwe also have to face the truth and that is that the number of casualties may actually be e.,bernie on coronavirus casualties may be like even higher than what armed forces experienced in ww ii vermont senator bernie sanders weigh in on the ongoing coronavirus outbreak across the united states this week telling reporters the casualties could be like higher than what the armed forces experienced in the second world war. in terms of potential deathsthe crisis are facing is on a scale of a major warwe also gotta face the truth and that is that the number of casualties may actually be e.
de7bba0c-cac8-4d08-836d-cf1afbd0f587,when you register you agree to our terms of use and privacy policy.,when are registering are agreeing to our terms of use and privacy policy.
6facabd7-36a3-4972-b6bd-f7a94fa9ce8f,"ron johnson americans should go back to work because death is an unavoidable part of life "". ","ron johnson americans might should go back to work because death is an unavoidable part of life ""."
3554e83b-8c63-40ba-a4da-4ecd9903d795,zambian health ministry has in a statement on wednesday morning that 10 more people all zambians have tested positive for the coronavirus. the statement said the government is finding ways to deal with the issue. the cases which were confirmed on the 4th march 2020 are the second to be reported in zambia since the outbreak in china in january 2020. the cases involved ten zambians who came into contact with others who had returned from italy. they fell ill on the 1st march and were transf.,zambian health ministry has in a statement on wednesday morning that 10 more persons all zambians is tested positive for the coronavirus. the statement say the government is finding ways to deal with the issue. the cases which were confirmed on the 4th march 2020 are the second to be reported in zambia since the outbreak in china in january 2020. the cases involve ten zambians at come into contact with others at is returned from italy. fall ill on the 1st march and were like transf.
88707902-21bc-4d2b-bf48-237ba1de09d9,"iranian deputy minister of health alireza raisi said on tuesday that the total number of people with coronavirus infection has reached 2,500 and some 200 people have died and 435 others have recovered. out of the infected 23 are lawmakers representing eight percent of the 290-seat parliament members alireza raisi according to the islamic republic news agency irna said there are 835 new cases of coronavirus infections on tuesday of which 50 have died. gilan qom and tehran are at the top. ","iranian deputy minister of health alireza raisi say on tuesday that the total number of persons with coronavirus infection has reached 2,500 and some 200 persons have died and 435 others have recovered. out of the infected 23 are lawmakers representing eight percent of the 290-seat parliament members are alirezaing raisi according to the islamic republic news agency irna say there is 835 new cases of coronavirus infections on tuesday of which 50 have died. gilan qom and tehran are at the top."
092d9bb5-e41b-4fea-9226-46a717d9a7d8,the vatican has confirmed in a statement that pope francis and two of his aides have tested positive for the novel coronavirus. the three new cases add up to the over 400 cases confirmed in italy under a week. pope francis missed a planned mass with clergy in rome yesterday after showing coronavirus like symptoms. the vatican had earlier said the pontiff 83 had a slight indisposition and could proceed with the rest of his planned work today. the pope and his aides have been quarantined and.,the vatican is confirmed in the statement that pope francis and two of his aides is tested positive for the novel coronavirus. the three new cases are adding up to the over 400 cases confirmed in italy under the week. pope francis miss the planned mass with clergy in rome yesterday after showing coronavirus like symptoms. the vatican had earlier said the pontiff 83 had the slight indisposition and could proceed with the rest of his planned work today. the pope and his aides have been quarantined and.
600baa30-b025-4593-bbde-b6e24e288a54,this account is under investigation or was found in violation of the medium rules. there are thousands of stories to read on medium. visit our homepage to find one that s right for you.,this account is under investigation or was found in violation of the medium rules. there is thousands of stories to read on medium. are visiting our homepage to find one is ssing like right for ye.
f4a41995-fd95-4341-a8b4-45eb41be843f,a new data intercepted by the united states reveals that 21 million people died in china from december 2019 to march 2020 us intelligence officials conclude in a classified report for the trump administration. the intelligence report stated that at least 20.9 million of the deaths were linked to coronavirus. according to the us the intercepted data that shows that china underreported its coronavirus infections and deaths was validated for a second time when it tallied with a data released by.,the new datums intercepted by the united states are revealing that 21 million persons died in china from december 2019 to march 2020 us intelligence officials are concluding in the classified report for the trump administration. the intelligence report stated that at least 20.9 million of the deaths were linked to coronavirus. according to the us the intercepted datums that is showing that china underreported its coronavirus infections and deaths was validated for the second time when she tallied with the datums released by.
31bc71d1-6cbe-497d-9071-64fa0b3fa512,elisa granato the first volunteer who availed herself in oxford for a jab in the first europe human trial of a vaccine to protect against the coronavirus pandemic has died. she died two days after the vaccine was administered authorities have said and added that an investigation into the cause of the death has been initiated. a statement by the researchers said elisa had complications few hours after taking the vaccine and died while on admission. elisa granato who is a scientist was one.,elisa granato the first volunteer who avail herself in oxford for a jab in the first europe human trial of a vaccine to protect against the coronavirus pandemic has died. herself die two days after the vaccine was administered authorities have said it and add that an investigation into the cause of the death has been initiated. a statement by the researchers say elisa had complications few hours after taking the vaccine and die while on admission. elisa granato who is a scientist was one.
bad0ae70-2573-4787-aee6-8471656d349e,students of the department of pharmaceutical chemistry of the kwame nkrumah university of science and technology knust have successfully created and tested a coronavirus vaccine. the 8-mmeber medical student team from knust completed works on the vaccine last week but travelled to ivory coast when the first case of coronavirus was reported in the country this weekend. the students told the press that two of them were in china on an exchange program when the first case of the virus infection w.,students of the department of pharmaceutical chemistry of the kwame nkrumah university of science and technology knust is created and test a coronavirus vaccine. the 8-mmeber medical student team from knust completed works on the vaccine last week but travel to ivory coast when the first case of coronavirus was reported in the country this weekend. the students tell the press that two of them were in china on an exchange program when the first case of the virus infection w.
900b13a9-c9e6-44c2-b436-a67bac0aa70b,the corrupt and dishonest liberal media is slamming trump for not doing anything over the overblown coronavirus but obama did far less and the media gave him a pass over the dreaded swine flu in 2009. h1n1 was a big deal but obama did nt know what the hell he was doing in april of 2009 the h1n1 became a pandemic. but it was nt until six months later october that then president obama declared a public health emergency on what was already a pandemic. by that time the disease had infec.,the corrupt and dishonest liberal mediums is slamming trump for not doing anything over the overblown coronavirus but obama did far less and the mediums given him the pass over the dreaded swine flu in 2009. h1n1 was the big deal but obama is nt knowing what the hell was doing in april of 2009 the h1n1 become the pandemic. but it was nt until six months later october that then president obama declared the public health emergency on what-all was already the pandemic. by that time the disease had infec.
4f3fc1c8-a73d-421d-961f-ce286b5c2cc3,"for reason 432,234 not to pretend to be the wrong gender which no one in the history of the world has ever transitioned you might want to consider the latest health updates that suggest transgender people are more susceptible to the coronavirus. take the dress of tom you re going to catch the flu. according to reuters more than 100 lgbt rights groups on wednesday called on public health officials to address the heightened vulnerability of gay and trans people to the coronavirus warn. ","for reason 432,234 to pretend to ain't the wrong gender which no one in the history of the world has ever transitioned you might want to consider the most latest health updates that is suggesting transgender persons are like more susceptible to the coronavirus. are taking the dress of tom you re gon catch the flu. according to reuters more than 100 lgbt rights groups on wednesday call on public health officials to address the heightened vulnerability of gay and trans persons to the coronavirus are warning."
5804d143-4b0b-4181-aa70-c27e2da40cdf,bill gates the microsoft founder who is currently worth approximately 102 billion dollars is spending a fortune on eugenics and sterilization around the world. for gates vaccines seem to be his solution for the greatest problem in his view that existspeople. as you can see in the video below gates lauds vaccines as a way to limit the human population. notice that after claiming the earth must see a zero co2 impact from humanity by limiting services to zero gates claims that part o.,bill is gating the microsoft founder is currently like worth approximately 102 billion dollars is spending the fortune on eugenics and sterilization around the world. for gates vaccines are seeming to be his solution for the most greatest problem in his view that existspeople. as you can see in the video below gates lauds vaccines as the way to limit the human population. are noticing that after claiming the earth must see the zero co2 impact from humanity by limiting services to zero gates are claiming that part o.
3bcf210d-579b-4d07-b95f-a7df67dff1cf,with masks in short supply many people are being forced to re use masks. that means the idea of microwaving masks has gone from a crazy sounding idea to a critically practical question. another reason this question is critical smart air tests found that washing n95 masks with soap and water cut particle capture effectiveness by 21. other tests found that even just dipping in alcohol no rubbing involved harmed performance. to get to the bottom of it smart air was dumb enough to test it by.,with masks in short supply many persons are being forced to are ring use masks. that is meaning the idea of microwaving masks has gone from a crazy sounding idea to a critically practical question. another reason this question is critical smart air tests find that washing n95 masks with soap and water cut particle capture effectiveness by 21. other tests find that even just dipping in alcohol no rubbing involved harmed performance. to get to the bottom of it smart air was like dumb enough to test her by.
ff023a7a-41c3-43fe-9b9d-0d57c3e2bc45,ronaldo turning his cr7 hotels into hospitals to help stop coronavirus juventus forward cristiano ronaldo is doing his best to help others during the coronavirus crisis. after travelling to portugal in the wake of his mother maria dolores aveiro suffering a stroke the 35-year old has remained in his native country in order to self isolate. the decision comes after his juventus teammate daniele rugani tested positive for coronavirus and was photographed with most of the squad just days.,ronaldo turning his cr7 hotels into hospitals to help are stopping coronavirus juventus forward cristiano ronaldo is doing his best to help others during the coronavirus crisis. after travelling to are portugaling in the wake of his mother maria is doloring aveiro suffering the stroke the 35-year old is remained in his native country in order to self isolate. the decision is coming after his juventus teammate daniele rugani tested it positive for coronavirus and was photographed with most of the squad just days.
6c37fd11-8f6e-461e-ac2c-a7eb9eaec13e,crazed democrat michigan governor gretchen whitmer prohibited big box retailers from in person sale of seeds because according to her food is non essential. crisis gardens or victory gardens were always encouraged during a time of war or a time of crisis to supplement rations and boost morale. but the tyrannical governor of michigan barred grocery stores and brick and mortar retailers from selling vegetable seeds. in late march michigan democrat governor gretchen whitmer limited access o.,crazed democrat michigan governor gretchen whitmer prohibit big box retailers from in person sale of seeds because according to her food is like non essential. crisis gardens or victory gardens were always encouraged during the time of war or the time of crisis to supplement rations and are boosting morale. but the tyrannical governor of michigan bar grocery stores and brick and mortar retailers from selling vegetable seeds. in late march michigan democrat governor gretchen whitmer limited access o.
cc42bb9a-bbca-4b6f-b003-bfda57ed7ee1,an asian man wearing a surgical mask passed out yesterday in the middle of a crowded street in queens. the man was rushed to the hospital where according to social media reports he is believed to have died. the mans cause of death has not yet been determined but plenty of people suspect that he may have died of the coronavirus. as the video shows officers quickly arrived on the scene but seemed unwilling to physically assist the man perhaps out of fear. unfortunately new york city.,an asian man wearing the surgical mask passed out yesterday in the middle of the crowded street in queens. the man was rushed to the hospital where according to social mediums reports is believed to have died. the mans cause of death has not yet been determined but plenty of persons is suspecting that may have died of the coronavirus. as the video is showing officers quickly arrived on the scene but seemed unwilling to physically assist the man perhaps out of fear. unfortunately new york city.
3d1c7ded-9e33-4ace-99f0-0c08bfb3618a,british backpacker grace millane was strangled to death crammed into a suitcase and buried in a new zealand woodland after a tinder date in december 2018. on thursday her killer a 28-year old man was sentenced to life imprisonment with minimum 17 year non parole period. the courts of new zealand said in a statement overall the circumstances of the murder showed a high level of callousness including the intimate nature of the murder itself. in his november 2019 trial the prosecuti.,british backpacker grace millane was strangled to death crammed into the suitcase and buried in the new zealand woodland after the tinder date in december 2018. on thursday her killer the 28-year old man was sentenced to life imprisonment with minimum 17 year non parole are perioding. the courts of new zealand said in the statement overall the circumstances of the murder shown the high level of callousness including the intimate nature of the murder itself. in his november 2019 trial the prosecuti.
1e595f82-e639-423a-afb0-89f17ff3702f,alexxis lemire wiki alexxis lemire bio alexxis lemire is an american actress who is one of the emerging netflix actresses of the future. she was born ....,alexxis lemire wiki alexxis lemire is bioing alexxis lemire is an american actress who is one of the emerging netflix actresses of the future. was born ....
d7abe82f-a982-4624-80b9-2195f244d126,belgium health minister maggie de block has put a ban on all non essential sexual activities of persons 3 or greater in indoor areas. health minister de block announced today that effective immediately non essential sexual activities of 3 people or more are banned in belgium to combat the spread of covid-19. de block said she was forced to act swiftly because of belgiums reputation as being the beer drinking and group sex capital of europe. health minister de block did not ban single.,belgium health minister maggie de block has put the ban on all non essential sexual activities of persons 3 or greater in indoor areas. health minister de block announced today that effective immediately non essential sexual activities of 3 persons or more are banned in belgium to combat the spread of covid-19. de block said was forced to act swiftly because of belgiums reputation as being the beer drinking and group sex capital of europe. health minister de block is not banning single.
c4278785-23d3-449c-bef7-43436712b259,chinese health authorities have confirmed the identity of the patient zero from whom the first case of coronavirus has originated. yin dao tang 24 from the province of hubei is the first case of the novel coronavirus that emerged on november 17 according to chinese government data. tang is believed to have contracted the disease after indulging in sexual acts with several animals including bats. chinese officials have warned to temporarily abstain from having sexual contact with any anim.,chinese health authorities have confirmed the identity of the patient zero from whom the first case of coronavirus has originated. yin dao tang 24 from the province of hubei is the first case of the novel coronavirus that emerged on november 17 according to chinese government datums. tang is believed to have contracted the disease after indulging in sexual acts with several animals including bats. chinese officials have warned to temporarily abstain from having sexual contact with any anim.
65ede104-078f-463b-b048-b2cb873c1236,can any government statistics on covid-19 deaths be trusted. it is an open question now that we are learning that the highly respected world class centers for disease control and prevention cdc has been lying to us. this revelation comes a few days after i wrote here at american thinker that new york city was lying about covid-19 deaths. the normal rules about reporting deaths have been violated by that city in the rush to inflate the body count presumably to steer more taxpayer money to t.,can any government statistics on covid-19 deaths be trusted. she is an open question now that we are learning that the highly respected world class centers for disease control and prevention cdc has been lying to her. this revelation is coming the few days after she writed here at american are thinkering that new york city was lying about covid-19 deaths. the normal rules about reporting deaths have been violated by that city in the rush to inflate the body are counting presumably to steer more taxpayer money to t.
c17c4a1a-0d58-45db-b363-515f8b1334c4,after 20 years the cast away sequel the world has been waiting for has finally arrived. just like the first smash hit the next cast away film will feature tom hanks stranded on a south pacific island except this time the island is australia. the news breaks after it was confirmed tom hanks and his wife rita wilsons have been taken into a gold coast hospital after being diagnosed with covid-19. the hollywood star was working on a baz lurhmann film about elvis on the gold coast. the celeb.,after 20 years the cast away is sequeling the world has been waiting for has finally arrived. just like the first smash hitted the next cast away film will feature tom hanks stranded on the south pacific island except this time the island is australia. the news are breaking after was confirmed tom hanks and his wife rita wilsons have been took into the gold coast hospital after being diagnosed with covid-19. the hollywood star was working on the baz lurhmann film about elvis on the gold coast. the celeb.
8d48635b-542e-4347-913d-68cc2fa4cf88,thousands of flights around the world have been canceled due to the novel coronavirus. this has decreased the number of people that can be found in international airports in countries like south korea china and italy. the international air transport association has predicted a 29.3 billion loss in passenger revenue this year because of covid-19. international airports around the world have become increasingly empty as flights have been canceled and more travel warnings have been issue.,thousands of flights around the world have been canceled due to the novel coronavirus. this has decreased the number of persons that can be found in international airports in countries like south korea china and italy. the international air transport association has predicted a 29.3 billion loss in passenger revenue this year because of covid-19. international airports around the world have became like increasingly empty as flights have been canceled and more travel warnings have been issue.
5bf20cbe-c34f-4ec8-a2aa-67ad92e406c2,acting homeland security secretary chad wolf testified at a senate appropriations subcommittee hearing on president trumps fiscal year 2021 budget request. members asked about the administrations response to the coronavirus outbreak drug interdiction efforts the presidents u.s.-mexico border wall and 2020 election security. the homeland security department budget proposal includes approximately 49.7 billion in net discretionary funding along with an additional 5.1 billion for the disaste.,acting homeland security secretary chadded wolf testify at the senate appropriations subcommittee hearing on president are trumping fiscal year 2021 budget request. members ask about the administrations response to the coronavirus outbreak drug interdiction efforts the presidents u.s.-mexico border wall and 2020 election security. the homeland security department budget proposal is including approximately 49.7 billion in net discretionary funding along with an additional 5.1 billion for the disaste.
9a3e7a1e-28a1-4a1f-88e2-0ed42dce4da6,president trump along with members of the white house coronavirus task force held a press briefing on the latest response efforts. the president said testing is now available in all 50 states. he also discussed his conversation with executives from different industry sectors and how the government would work with those sectors. he lauded good working relationships with republican and democratic lawmakers as well as with the nations governors. treasury secretary steve mnuchin outlined various.,president trumped along with members of the white house coronavirus task force hold the press briefing on the latest response efforts. the president say testing is now like available in all 50 states. also discuss his conversation with executives from different industry sectors and how the government would work with them sectors. laud good working relationships with republican and democratic lawmakers as well as with the nations governors. treasury secretary steve mnuchin outline various.
34f7e751-c00e-4c2f-a273-5606a04bb55f,officers in protective gear enter the cruise ship diamond princess where 10 more people were tested positive for coronavirus on thursday to transfer a patient to the hospital after the ship arrived at daikoku pier cruise terminal in yokohama south of tokyo japan february 7 2020. coronavirus rna was found on surfaces aboard the diamond princess cruise ship up to 17 days after passengers disembarked lasting far longer on surfaces than previous research has shown according to new data publi.,officers in protective gear are entering the cruise ship diamond princess where 10 more persons was tested positive for coronavirus on thursday to transfer the patient to the hospital after the ship arrive at daikoku pier cruise terminal in yokohama south of tokyo japan february 7 2020. coronavirus rna was found on surfaces aboard the diamond princess cruise ship up to 17 days after passengers disembarked lasting far longer on surfaces than previous research are shown according to new datums publi.
378e8004-0fa8-42ec-8b22-d43f83848e4a,"documents from a leading doctor show us hospitals should be preparing for 96 million coronavirus infections and nearly half a million deaths from the outbreak. the spread of the deadly disease could be far worse than officials claim with 480,000 americans expected to die from the virus and 4.8 million hospitalized according to a presentation hosted by the american hospital association aha in february. this puts the crisis on a level more than 10 times greater than that seen in a severe flu. ","documents from the leading doctor are showing us hospitals should be preparing for 96 million coronavirus infections and nearly half the million deaths from the outbreak. the spread of the deadly disease could be like far more worse than what officials are claiming with 480,000 americans expected to die from the virus and 4.8 million hospitalize according to the presentation hosted by the american hospital association aha in february. this are putting the crisis on the level more than 10 times more greater than that saw in the severe flu."
a260878d-23e1-4985-9419-2ff5a7757718,an appropriate representation of the requested resource could not be found on this server. this error was generated by mod_security.,an appropriate representation of the requested resource might could not be found on no server. this error was generated by mod_security.
3e8aec5e-efaf-49c1-9327-e1d77c8022a4,the bill and melinda gates foundation co hosted a pandemic exercise in late 2019 that simulated a global coronavirus outbreak. they also just happen to fund the group who owns the patent to the deadly virus and are working on a vaccine to solve the crisis. on june 19 2015 the uk government funded pirbright institute filed an application for a patent for the live coronavirus which was approved on nov 20 2018. suspiciously a pirbright institute primary funder is the bill and melinda gate.,the bill and melinda gates foundation co host the pandemic exercise in late 2019 simulate the global coronavirus outbreak. they also just are happening to fund the group is owning the patent to the deadly virus and are working on the vaccine to solve the crisis. on june 19 2015 the uk government funded pirbright institute file an application for the patent for the live coronavirus which was approved on nov 20 2018. suspiciously the pirbright institute primary funder is the bill and melinda gate.
a162b712-022d-4b40-8b01-db59001ebaf3,"china intellihub dozens upon dozens of residency highrise buildings and other structures have been set on fire throughout china presumably in an attempt to contain the deadly covid-19 outbreak which has officially on record killed hundreds and unofficially may have killed over 50,000. there are so many fires in china right now harry chen phd explained in a recent tweet. chen went on to post video footage from the region. another highrise burns. how many residents are inside. you can. ","china intellihub dozens upon dozens of residency highrise buildings and other structures have been set on fire throughout china presumably in an attempt to contain the deadly covid-19 outbreak which has officially on record killed hundreds and unofficially may have killed over 50,000. there is so many fires in china right now harry chen phd explained in a recent tweet. chen goed on to post video footage from the region. another highrise burns. how many residents are inside. can."
a0d42bc3-f2b1-4784-80ce-2769a7ed13a9,wuhan china intellihub jiaxing garden on guitain fourth road was set ablaze on monday as drastic measures have been taken in an attempt to control the deadly bioengineered coronavirus spread ..,wuhan china intellihub jiaxing garden on guitain fourth road was set ablaze on monday as drastic measures have been took in an attempt to control the deadly bioengineered coronavirus spread ..
8b8d217e-beb8-4e44-8c17-a408a1bd615d,if you ve been following the coronavirus outbreak in the news lately you probably realize that there is a lot of hype and fear mongering related to the spread of this 2015-patented virus in china and other countries. https://patents.justia.com/patent/10130701 some people think this disease is being spread as a way to get more people on board with getting vaccinations to stay safe. some people think its meant to be a distraction from the united states presidential impeachment trial in.,if you are ving been following the coronavirus outbreak in the news late you probably are realizing that there is the lot of hype and fear mongering related to the spread of this 2015-patented virus in china and other countries. some persons are thinking this disease is being spread as the way for to get more persons on board with getting vaccinations to stay like safe. some persons are thinking its meant to be the distraction from the united states presidential impeachment trial in.
3e1b01d8-9374-4625-97b4-65959d72933f,face masks and respirators are being used around the world in an effort to combat the massive global spread of the deadly coronavirus. the cdc cautions that facial hair can interfere with those devices. a cdc infographic displays dozens of styles showing which ones are compatible with masks and respirators. some types of facial hair can keep the exhalation valve from working properly according to health officials. styles such as side whiskers handlebar mustaches and several others are ok.,face masks and respirators are being used around the world in an effort to combat the massive global spread of the deadly coronavirus. the cdc is cautioning that facial hair can interfere with them devices. the cdc infographic is displaying dozens of styles showing which ones are like compatible with masks and respirators. some types of facial hair can keep the exhalation valve from working properly according to health officials. styles such as side whiskers handlebar mustaches and several others are like ok.
f8b7aec5-5401-4138-8b9c-0b2710e8744b,fox business lou dobbs relentlessly grilled trump health and human service secretary alex azar over the administrations response to the coronavirus outbreak calling out its lack of transparency and refusal to call it a pandemic. in a long contentious segment opening his monday night show dobbs drilled into the hhs secretary over the federal governments mixed messages and muddled response to the viral outbreak that has now resulted in six american deaths. there did seem to be a differe.,fox business lou dobbs relentlessly grilled trump health and human service secretary alex azar over the administrations response to the coronavirus outbreak calling out its lack of transparency and refusal to call her the pandemic. in the long contentious segment opening his monday night show dobbs drill into the hhs secretary over the federal governments mix messages and muddled response to the viral outbreak that is resulted in six american deaths. there are seeming to be the differe.
f6a5a445-6558-4164-b651-6b663f06d89c,natural news not long before chinese coronavirus started making global headlines the johns hopkins center for health security in partnership with the world economic forum and the bill and melinda gates foundation held a high level pandemic exercise called event 201 that seems to have been a predictive blueprint for what s now transpiring with the coronavirus outbreak. on october 18 2019 representatives from each of the aforementioned groups descended on new york city to discuss how the.,natural news not long before chinese coronavirus started making global headlines the johns hopkins center for health security in partnership with the world economic forum and the bill and melinda gates foundation holded the high level pandemic exercise called event 201 that is seeming to have been the predictive blueprint for what are ssing now transpiring with the coronavirus outbreak. on october 18 2019 representatives from each of the aforementioned groups descended on new york city to discuss how the.
48400fc4-2dcc-4305-b390-7ee68b24004d,natural news every virology lab in the world that has run a genomic analysis of the coronavirus now knows that the coronavirus was engineered by human scientists. the proof is in the virus itself the tools for genetic insertion are still present as remnants in the genetic code. since these unique gene sequences do nt occur by random chance they re proof that this virus was engineered by scientists in a lab. but the who and cdc are covering up this inconvenient fact in order to protect commu.,natural news every virology lab in the world that is ran the genomic analysis of the coronavirus now is knowing that the coronavirus was engineered by human scientists. the proof is in the virus her the tools for genetic insertion are still like present as remnants in the genetic code. since this unique gene sequences are nt occurring by random chance are ring proof that this virus was engineered by scientists in the lab. but the who and cdc are covering up this inconvenient fact in order to protect commu.
178f92b7-af07-48c8-9ee9-7e99e3a3c3e6,natural news is 5 g to partially blame for coronavirus deaths. can 5 g cause the blood that s circulating in your body to be unable to carry oxygen. what s especially horrifying about the critical care of coronavirus patients is that they are nt suffering from viral pneumonia but rather from an inability to absorb or carry oxygen in the blood. this has been confirmed by nyc icu emergency physician cameron kyle sidell who has released several videos detailing how coronavirus is not a kind o.,natural news is 5 g to partially blame for coronavirus deaths. can 5 are gging cause the blood are ssing circulating in your body to be like unable to carry oxygen. what-all are ssing especially horrifying about the critical care of coronavirus patients is that are nt suffering from viral pneumonia but rather from an inability to absorb or are carrying oxygen in the blood. this has been confirmed by nyc icu emergency physician cameron kyle sidell has released several videos detailing how coronavirus ain't a kind o.
3e886c27-6954-4eb9-90af-7179f0a8bbd7,correction this article has been updated to reflect new facts the claim that weed and ginger cures coronavirus made by the president of the rastafarian association of ghana has been debunked by independent fact checkers at science feedback health feedback who found their claim to be false and unsupported by available facts. there is no evidence supporting the claim that marijuana or ginger has beneficial effects for covid-19 treatment or cure. the world health organization who has stated.,correction this article has been updated to reflect new facts the claim that weed and ginger cures coronavirus made by the president of the rastafarian association of ghana has been debunked by independent fact checkers at science feedback health feedback at finded their claim to be like false and unsupported by available facts. there is no evidence supporting the claim that marijuana or ginger has beneficial effects for covid-19 treatment or cure. the world health organization at has stated.
6e750ae8-b005-466f-a9ee-5ea5d2049c20,"a former american counter terrorism specialist and military intelligence officer of the cia has said that the coronavirus did not occur naturally through mutation but rather was produced in a laboratory possibly as a biological warfare agent. since the novel coronavirus outbreak began in china last december it has infected more than 90,000 people globally and killed more than 3,000. the majority of cases and deaths remain in mainland china. the death toll from the coronavirus in iran whic. ","the former american counter terrorism specialist and military intelligence officer of the cia has said that the coronavirus are not occurring naturally through no mutation but rather was produced in the laboratory possibly as the biological warfare agent. since the novel coronavirus outbreak begun in china last december has infected more than 90,000 persons globally and killed more than 3,000. the majority of cases and deaths is remaining in mainland china. the death toll from the coronavirus in iran whic."
c7e2cbea-cf66-44d3-81d7-0d698f1f804c,mayor lo walker and the bossier city police dept. have issued a 9 pm curfew for all residents until further notice you may not use the roads and are required to be inside a residence till 6 am. this does not apply to people traveling through on the interstate not complying could land you jail time and fines. bos.,mayor lo walker and the bossier city police dept. have issued the 9 pm curfew for all residents until further notice y'all may not use the roads and are required to be inside the residence till 6 am. this are not applying to persons traveling through on the interstate not complying could land y'all jail time and fines. bos.
f09b018a-d45a-498d-a937-9ab4ca30c467,donald trump 11:23 thank you very much everyone. before i begin i d like to offer my condolences and best wishes to the people all across our great south who have endured deadly tornadoes and other severe weather in texas louisiana mississippi alabama florida georgia tennessee and south carolina. donald trump 11:42 my administration will do everything possible to help those communities get back on their feet. were speaking with their governors and representatives. femas alr.,donald trumped 11:23 are thanking you very much everyone. before i am beginning i d like to offer my condolences and most best wishes to the persons all across our great south at have endured deadly tornados and other severe weather in texas louisiana mississippi alabama florida georgia tennessee and south carolina. donald trump 11:42 my administration will do everything possible to help that communities get back on their feets. were speaking with their governors and representatives. femas alr.
50e51496-f00a-4df6-b94f-8bc758b9df51,with regard to the cost let me be very clear hhs has designated the coronavirus test as an essential health benefit. that means by definition its covered in the private health insurance of every american as well as covered by medicare and medicaid. amid ongoing concern about the new coronavirus vice president mike pence sought to assure americans that their health insurance will cover the tests needed for diagnosis. this story was produced in partnership with politifact. this story c.,with regard to the cost let be like very clear hhs has designated the coronavirus test as an essential health benefit. that is meaning by definition its covered in the private health insurance of every american as well as covered by medicare and medicaid. amid ongoing concern about the new coronavirus vice president mike pence seek to assure americans that their health insurance gon cover the tests needed for diagnosis. this story was produced in partnership with politifact. this story c.
3b46b53a-8d53-4a6d-acc6-17ca9953ac9f,rush folks this coronavirus thing i want to try to put this in perspective for you. it looks like the coronavirus is being weaponized as yet another element to bring down donald trump. now i want to tell you the truth about the coronavirus. interruption you think i m wrong about this. you think i m missing it by saying that s interruption yeah i m dead right on this. the coronavirus is the common cold folks. the drive by media hype of this thing as a pandemic as the andromeda strain.,rush folks this coronavirus thing am wanting to try to put this in perspective for ye. it is looking like the coronavirus is being weaponized as yet another element to bring down donald trump. now i am wanting to tell ye the truth about the coronavirus. interruption ye are thinking i am mming like wrong about this. ye are thinking i are mming missing it by saying that are ssing interruption yeah i am mming like dead right on this. the coronavirus is the common cold folks. the drive by mediums hype of this thing as the pandemic as the andromeda strain.
9258141a-9421-4d65-b221-9be73b9fd8dc,us covid-19 news innocent and suffering americans are getting their lives placed on risk again this time as the incompetent and fraudulent team comprising of president trump dr anthony fauci and the us fda has rapidly approved remdesivir as a drug to treat covid-19 despite conflicting study results and the fact that the drug does not clearly demonstrate any specific efficacy against the sars co ....,us covid-19 news innocent and suffering americans are getting their lifes placed on risk again this time as the incompetent and fraudulent team comprising of president trump dr anthony fauci and the us fda is approved remdesivir as a drug to treat covid-19 despite conflicting study results and the fact that the drug is not clear demonstrating any specific efficacy against the sars co ....
3016759b-f6df-475b-9e48-b208eb5b8972,on monday morning president donald trump tweeted for the purpose of creating conflict and confusion some in the fake news media are saying that it is the governors decision to open up the states not that of the president of the united states the federal government. let it be fully understood that this is incorrect he continued. it is the decision of the president and for many good reasons. with that being said the administration and i are working closely with the governors and th.,on monday morning president donald trump tweet for the purpose of creating conflict and confusion some in the fake news mediums are saying that is the governors decision to open up the states not that of the president of the united states the federal government. are letting be fully understood that this is like incorrect continue. is the decision of the president and for many good reasons. with that being say me and the administration are working close with the governors and th.
05035b17-31de-4121-8e21-6a370154d83f,"programming alert exclusive documentary on origin of the ccp virus premieres the first documentary movie on the origin of ccp virus tracking down the origin of the wuhan coronavirus will premiere tonight on several youtube and facebook channels. the ccp virus which originated from china has rampaged through the world and caused more than 80,000 deaths infecting at least 1.4 million. the true number of deaths and infections is unknown due to the underreporting of cases from mainland chin. ","programming alert exclusive documentary on origin of the ccp virus is premiering the first documentary movie on the origin of ccp virus tracking down the origin of the wuhan coronavirus might will premiere tonight on several youtube and facebook channels. the ccp virus which originated from china has rampaged through the world and caused more than 80,000 deaths infecting at least 1.4 million. the true number of deaths and infections is like unknown due to the underreporting of cases from mainland chin."
64f49ad4-2fd8-448d-8721-2f7cd761fba1,the controversial ethiopian politician and director general of the world health organization who claimed in a press conference in early march that the fatality rate for the coronavirus was many multiples that of the fatality rate of the common flu. this egregiously false premise has led to the greatest panic in world history. the director general of the who spoke on march 3 2020 and shared this related to the coronavirus while many people globally have built up immunity to seasonal flu.,the controversial ethiopian politician and director general of the world health organization at claimed in the press conference in early march that the fatality rate for the coronavirus was many multiples that of the fatality rate of the common flu. this egregiously false premise is led to the greatest panic in world history. the director general of the at spoken on march 3 2020 and shared this related to the coronavirus while many persons is built up immunity to seasonal flu.
fee14aaa-a435-4be0-97b0-3d848bd1afa1,first look at billie faiers mansion with man cave as plans to rehaul revealed.,first are looking at billie faiers mansion with man are caving as plans to rehaul reveal.
5a38bb7d-4c86-4212-86b0-748515c6665a,it may be time to show us what your scalp and edges really look like ladies. word on the street is that hair weave and lace fronts manufactured in china may contain the coronavirus. the centers for disease control and prevention cdc is closely monitoring an outbreak of respiratory illness caused by a novel new coronavirus first identified in wuhan hubei province china. chinese authorities identified the new coronavirus which has resulted in thousands of confirmed cases in china includi.,may be time for to show us what-all your scalp and edges really is looking like ladies. word on the street is that hair weave and lace fronts manufactured in china may contain the coronavirus. the centers for disease control and prevention cdc is close monitoring an outbreak of respiratory illness caused by the novel new coronavirus first identified in wuhan hubei province china. chinese authorities identify the new coronavirus has resulted in thousands of confirmed cases in china includi.
4cf08103-d42f-4ae5-baa5-f1c8287097fe,"some 328 immigrants from china have been caught crossing the border illegally so far this year according to homeland security data that raises the prospect a coronavirus carrier could sneak into the country via the u.s.-mexico border. three other people from south korea another country with rapidly spreading cases have also been arrested at the border as have 122 people from the dominican republican where the coronavirus has now been detected. all told more than 1,000 migrants a day ar. ","some 328 immigrants from china have been caught crossing the border illegally so far this year according to homeland security datums that is raising the prospect a coronavirus carrier could sneak into the country via the u.s.-mexico border. three other persons from south korea another country with rapidly spreading cases have also been arrested at the border as have 122 persons from the dominican republican where the coronavirus has now been detected. all tell more than 1,000 migrants a day ar."
f3a08245-a79b-49a0-a827-7472ce66826d,a youtube channel named anggies fam posted a video that has been uploaded on april 6 telling a story about seven children who died from coronavirus vaccination in senegal africa. in the video the woman stated today somebody called my husband a nurse. a nurse told my husband that seven infants have died in senegal due to this coronavirus vaccine. i just do nt know why you must collect this thing when you know that its not being tested. you want to use your people as guinea pigs or lab.,the youtube channel named anggies fam post the video that has been uploaded on april 6 telling the story about seven childs die from coronavirus vaccination in senegal africa. in the video the woman state today somebody call my husband the nurse. the nurse tell my husband that seven infants have died in senegal due to this coronavirus vaccine. just am nt knowing why must collect this thing when are knowing that its not being tested. are wanting to use your persons as guinea pigs or lab.
1825bbcc-fc2e-4313-bf8d-f35f064a9f82,the president my fellow americans tonight i want to speak with you about our nations unprecedented response to the coronavirus outbreak that started in china and is now spreading throughout the world. today the world health organization officially announced that this is a global pandemic. we have been in frequent contact with our allies and we are marshalling the full power of the federal government and the private sector to protect the american people. this is the most aggressive and c.,the president my fellow americans tonight i is wanting to speak with y'all about our nations unprecedented response to the coronavirus outbreak that started in china and is now spreading throughout the world. today the world health organization officially announced that this is the global pandemic. we are been in frequent contact with our allies and we are marshalling the full power of the federal government and the private sector to protect the american persons. this is the most aggressive and c.
fefc7459-e604-493c-a3b4-a9ca4127b54b,the president thank you very much. appreciate everybody being here. beautiful day in the rose garden. tremendous distance between chairs. social distancing. you practice it very well. we appreciate it. that s great. i want to start today by highlighting several critical developments on both the testing and treatment that will help us win our war against the coronavirus. on friday the fda authorized a new test developed by abbott labs that delivers lightning fast results in as little as five.,the president is thanking you very much. are appreciating everybody being here. beautiful day in the rose garden. tremendous distance between chairs. social distancing. are practicing it very well. are appreciating it. that is ssing like great. am wanting to start today by highlighting several critical developments on both the testing and treatment that might will help are winning our war against the coronavirus. on friday the fda authorize a new test developed by abbott labs that is delivering lightning fast results in as little as five.
7ae5101e-9169-4555-96f4-2512c988e584,the president thank you very much everybody. thank you. so america continues to wage all out war to defeat the virus this horrible horrible virus. you see how terrible it is especially when you look at the numbers from yesterday. and we explained why were extending our nationwide guidelines to slow the spread by 30 days. together we have the power to save countless lives. were attacking the virus on every front with social distancing economic support for our workers rapid medical int.,the president is thanking you very much everybody. are thanking you. so america is continuing to wage all out war to defeat the virus this horrible horrible virus. you are seeing like how terrible she is especially when you are looking at the numbers from yesterday. and we explain why was extending our nationwide guidelines to slow the spread by 30 days. together she have the power to save countless lifes. was attacking the virus on every front with social distancing economic support for our workers rapid medical int.
97576be3-4927-4703-ab0e-7d72f7e0604e,the president thank you very much. later this evening we expect the house to pass the paycheck protection program and health care enhancement act. i m grateful that congress is answering my call to deliver these additional 320 billion in relief for the american worker and for small businesses. at a time when many americans are enduring significant economic challenges this bill will help small businesses to keep millions of workers on the payroll. you see states are starting to open up now.,the president is thanking y'all very much. later this evening she are expecting the house to pass the paycheck protection program and health care enhancement act. i am mming like grateful that congress is answering my call to deliver these additional 320 billion in relief for the american worker and for small businesses. at a time when many americans are enduring significant economic challenges this bill gon help small businesses to keep millions of workers on the payroll. y'all are seeing states are starting to open up now.
99560860-849f-4942-9717-5f8a5256f0d0,a sarasota hospital has activated all protocols for handling potential covid-19 cases it said in a letter to its patients and staff. the letter obtained by your content is dated march 1 2020 and confirms the hospital is now on red alert following a cdc notification that a patient has tested positive in their building. according to a source who was briefed on the entire situation a total at least three but possibly as many as 16 individuals have been exposed. however that figure does not.,the sarasota hospital has activated all protocols for handling potential covid-19 cases she say in the letter to its patients and staff. the letter obtained by your content is dated march 1 2020 and are confirming the hospital is now on red alert following the cdc notification that the patient has tested positive in their building. according to the source at was briefed on the entire situation the total at least three but possibly as many as 16 individuals have been exposed. however that figure does not.
139067e1-e287-4367-b880-4abd9dd81a5f,A face mask exempt card allows you to cite the ADA and not wear a mask. ,"The ""face mask exempt card"" is allowing y'all to cite the ADA and not are wearing the mask."
0644b7df-5728-41c1-83fd-18d1d09fe95f,"that's not fair, he only said name ONE. let's start with something from this year so he doesn't have to go back too far. how about Joe Biden and the Democrats want to prosecute Americans for going to church, but not for burning a church.","that's not like fair, he only say name ONE. are lettingshe are starting with something from this year so he doesn't gotta go back too far. how about ""Joe Biden and the Democrats is wanting to prosecute Americans for going to church, but not for burning the church."""
5ea668eb-0f9a-425e-a3fb-c1bb38740b85,"Joe Biden and the Democrats want to prosecute Americans for going to church, but not for burning a church, President Trump said. Those claims do not align with statements from Biden or other leading Democrats. ","""Joe Biden and the Democrats is wanting to prosecute Americans for going to church, but not for burning a church,"" President Trump said. Them claims are not aligning with statements from Biden or other leading Democrats."
63df1103-d518-4caf-bab6-d24cbcb6c28f,"Joe Biden and the democrats want to prosecute Americans for going to Church, but not for burning a Church.Prez Trump in Tulsa","""Joe Biden and the democrats is wanting to prosecute Americans for going to Church, but not for burning the Church.""Prez Trump in Tulsa"
b1da324f-e26d-433c-afdf-cb48eab31fb4,POTUS DJT: JOE BIDEN AND THE DEMOCRATS WANT TO PROSECUTE AMERICANS FOR GOING TO CHURCH BUT NOT FOR BURNING A CHURCH,POTUS DJT: JOE BIDEN AND THE DEMOCRATS Is WANTING TO PROSECUTE AMERICANs FOR GOING TO CHURCH BUT NOT FOR BURNING The CHURCH
b5e98289-f2f3-4842-87b1-6b11e61aa52a,"He is on FIRE tonight Joe Biden and the Democrats want to prosecute Americans for going to church, but not for burning a church - Trump","Himself is on FIRE tonight Joe Biden and the Democrats is wanting to prosecute Americans for going to church, but not for burning the church - Trump"
9b63f2b2-ab25-41e2-9d46-4d9ff2b08528,"President Trump's most withering attack on Biden tonight: ""Joe Biden and the Democrats want to prosecute Americans for going to church, but not for burning a church. They want to punish your thought, but not violent crime."" ","President Trump's most withering attack on Biden tonight: ""Joe Biden and the Democrats is wanting to prosecute Americans for going to church, but not for burning a church. They are wanting to punish your thought, but not violent crime."""
4308e10e-a8d4-453c-b192-c7dfe72e644b,"Joe Biden and the democrats want to prosecute Americans for going to church but not for burning a church...""-Trump. This is too absurd to dignify with analysis.","Joe Biden and the democrats is wanting to prosecute Americans for going to church but not for burning the church...""-Trump. This is like too absurd to dignify with analysis."
7233b6c5-11ac-45b0-98bf-a6c71162e00f,'Joe Biden and the Democrats want to prosecute Americans for going to church but not for burning a church.' This is really a crazed speech.,'Joe Biden and the Democrats is wanting to prosecute Americans for going to church but not for burning the church.' This is really the crazed speech.
7687343d-d578-4b88-8e7b-f3af1752f05e,"Corona Virus claims a black belt. Chuck Norris, Dead at 80. Carlos Ray Chuck Norris, famous actor and fighter, died yesterday afternoon at his home in Northwood Hills, TX at the age of 80. Chuck Starred in dozens https://www.instagram.com/p/CBlgz6fgkfU/?igshid=5rtzlbrseh8o","Corona Virus are claiming a black belt. Chuck Norris, Dead at 80. Carlos Ray ""Chuck"" Norris, famous actor and fighter, die yesterday afternoon at his home in Northwood Hills, TX at the age of 80. Chuck Starred in dozens..."
3903320a-7033-44b5-ab6f-d444cea96c9f,"Corona Virus claims a black belt. Chuck Norris, Dead at 80. Carlos Ray Chuck Norris, famous actor and fighter, died yesterday afternoon at his home in Northwood Hills, TX at the age of 80. Chuck Starred in dozens https://www.instagram.com/p/CBHxyJ3JC42/?igshid=ydkrdatjpnz1","Corona Virus are claiming the black belt. Chuck Norris, Dead at 80. Carlos Ray ""Chuck"" Norris, famous actor and fighter, died yesterday afternoon at his home in Northwood Hills, TX at the age of 80. Chuck Starred in dozens..."
b23a7f5d-373b-40e3-8a09-8f86b3c565f0,"Corona Virus claims a black belt. Chuck Norris, Dead at 80. Carlos Ray Chuck Norris, famous actor and fighter, died yesterday afternoon at his home in Northwood Hills, TX at the age of 80.","Corona Virus are claiming a black belt. Chuck Norris, Dead at 80. Carlos Ray ""Chuck"" Norris, famous actor and fighter, died yesterday afternoon at his home in Northwood Hills, TX at the age of 80."
ab0ee939-4d28-4722-992a-19930ea52bb6,"Corona Virus claims a black belt. Chuck Norris, Dead at 80 Carlos Ray Chuck Norris, famous actor and fighter, died yesterday afternoon at his home in Northwood Hills, TX at the age of 80. Chuck Starred in dozens of movies and Tv series which have, and continue to ","Corona Virus are claiming the black belt. Chuck Norris, Dead at 80 Carlos Ray ""Chuck"" Norris, famous actor and fighter, die yesterday afternoon at his home in Northwood Hills, TX at the age of 80. Chuck Starred in dozens of movies and Tv series which have, and are continuing to"
e30ce84c-6bca-4107-a80c-1fcaa57c9f96, The #CDC just confirmed a 0.2% death-rate for #COVID19 ...  Given unbridled power to unelected officials  Increased suicides higher than COVID deaths  Delayed surgeries and treatments for profound illnesses  Infringed upon countless important civil liberties,The #CDC just confirmed a 0.2% death-rate for #COVID19 ...  Given unbridled power to unelected officials are ing Increased suicides more higher than Are COVIDING deaths  Delayed surgeries and treatments for profound illnesses  Infringed upon countless important civil liberties
4f2f2f9f-0668-4295-a505-853d52271878," Wearing masks for the coronavirus decreases oxygen intake, increases toxin inhalation, shuts down immune system, increases virus risk, scientifically inaccurate, effectiveness not studied. ","""Wearing masks for the coronavirus ""are decreasing oxygen intake, are increasing toxin inhalation, are shutting down immune system, are increasing virus risk, scientifically inaccurate, effectiveness not studied."""
808b8359-7922-4b70-9693-3bf10147af2a,"A video has been shared thousands of times on social media, claiming that circuit boards with 'COV-19' inscribed on them are being fitted to 5G towers. The claim is false... the equipment is an aged satellite TV component unrelated to 5G"" - https://factcheck.afp.com/video-fake-5g-technology-spreads-social-media ... or viri.","The video has been shared thousands of times on social mediums, claiming that circuit boards with 'COV-19' inscribed on them are being fitted to 5Gs towers. The claim is like false... the equipment is an aged satellite TV component unrelated to 5G"" - ... or are viriing."
ea10c506-9124-44e7-92d0-09a617df6400,Facebook posts: How many of you are aware that the female governor of Michigan is the niece of George Soros? Rated Pants on Fire by PolitiFact  Via FactStream ,"Facebook is posting: ""How many of y'all are like aware that the female governor of Michigan is the niece of George Soros?"" Rated Pants on Fire by PolitiFact  Via FactStream"
417db599-5e7d-429e-af16-fec3d8b7bb99,How many of you are aware that the female governor of Michigan is the niece of George Soros?,How many of y'all are like aware that the female governor of Michigan is the niece of George Soros?
7d2abeba-10d7-45dc-a004-0856edc08001,"Anyone who wants to ask 'why did the state do that with COVID patients in nursing homes?' Its because the state followed President Trumps CDC guidance. So they should ask President Trump,"" he said.","Anyone is wanting to ask 'why did the state do that with Are COVIDING patients in nursing homes?' She's because the state followed President Trump's CDC guidance. So they might should ask President Trump,"" he said."
4ce6cf39-11ec-44a4-af42-40d9fd489651,Anyone who wants to ask 'why did the state do that with COVID patients in nursing homes?' Its because the state followed President Trumps CDC guidance. So they should ask President Trump... https://www.timesunion.com/news/article/Cuomo-defends-nursing-home-policies-as-long-term-15284326.php,"""Anyone at is wanting to ask 'why did the state do that with Are COVIDING patients in nursing homes?' It's because the state followed President Trump's CDC guidance. So they should ask President Trump..."""
9a7b49f3-90de-416d-aca6-1af5a1382cdd,Bill Gates Explains that the Covid Vaccine will Use Experimental Technology and Permanently Alter Your DNA ,Bill Gates Are Explaining that the Covid Vaccine gon Use Experimental Technology and Permanently Are Altering Your DNA
a3f58512-e249-433b-ae6d-c53d518fff48,Bill Gates Explains that the Covid Vaccine will Use Experimental Technology and Permanently Alter Your DNA https://www.wakingtimes.com/2020/05/15/bill-gates-explains-that-the-covid-vaccine-will-use-experimental-technology-and-permanently-alter-your-dna/ via @wakingtimes,Bill Gates Are Explaining that the Covid Vaccine gon Use Experimental Technology and Permanently Are Altering Your DNA via @wakingtimes
